feature,mean_abs_saliency
amount,0.02321600113640022
amount_log,0.004223302827518469
hour,0.0027850476648523886
day_of_week,0.00040072563896441225
is_first_pair_tx,0.000346267681101361
is_round_amount,0.00033324993226303915
is_night,8.06020565871917e-05
