pr_auc,roc_auc,f1,threshold_used,fpr,precision_at_recall_80
0.15384517377974893,0.8193170599946752,0.20276084618142703,0.5,0.0026661354978462764,0.01571136609540093
