pr_auc,roc_auc,f1,threshold_used,fpr,precision_at_recall_80
0.7965802450969718,0.9852104550555106,0.5776379754074922,0.9899736642837524,0.005845077770996904,0.4830793905372895
