pr_auc,roc_auc,f1,threshold_used,fpr,precision_at_recall_80
0.4358465594083054,0.8739209265127649,0.006355932203389831,0.5,0.0,0.018145234165090306
