pr_auc,roc_auc,f1,threshold_used,fpr,precision_at_recall_80
0.2195028973158853,0.8696418002728041,0.1552021152998678,0.5,0.030450689172139674,0.02139645239431417
