pr_auc,roc_auc,f1,threshold_used,fpr,precision_at_recall_80
0.2230042604694979,0.8697700625980397,0.006355932203389831,0.5,0.0,0.021404511149959494
