pr_auc,roc_auc,f1,threshold_used,fpr,precision_at_recall_80
0.7390600527738629,0.9841085039272314,0.678840877914952,0.5,0.00035571444798498226,0.38887418970763327
